image_id,class,bounds
104_53,oil-well,"(634,662,717,762)"
104_53,oil-well,"(662,760,734,869)"
102_33,oil-well,"(303,83,356,136)"
102_33,oil-well,"(464,560,525,619)"
102_33,oil-well,"(445,772,506,838)"
102_33,oil-well,"(413,837,484,915)"
102_33,oil-well,"(64,788,153,954)"
100_0,oil-well,"(308,261,391,451)"
104_35,oil-well,"(766,104,851,183)"
104_35,oil-well,"(948,163,997,238)"
104_35,oil-well,"(207,635,297,722)"
100_70,oil-well,"(463,645,534,715)"
103_83,oil-well,"(548,27,683,221)"
103_42,oil-well,"(183,119,288,218)"
103_42,oil-well,"(352,188,393,264)"
100_62,oil-well,"(347,534,404,619)"
100_62,oil-well,"(195,528,261,606)"
100_62,oil-well,"(39,556,108,650)"
104_31,oil-well,"(120,42,210,136)"
104_31,oil-well,"(922,878,1010,960)"
103_78,oil-well,"(37,253,134,404)"
100_63,oil-well,"(894,348,965,447)"
100_63,oil-well,"(582,557,653,629)"
100_63,oil-well,"(463,697,523,765)"
100_63,oil-well,"(332,788,386,857)"
100_63,oil-well,"(720,803,784,881)"
100_63,oil-well,"(795,20,860,97)"
100_63,oil-well,"(370,341,435,411)"
103_56,oil-well,"(596,11,656,73)"
103_56,oil-well,"(571,59,623,126)"
103_56,oil-well,"(165,162,238,282)"
103_56,oil-well,"(231,238,322,343)"
103_56,oil-well,"(408,1,465,65)"
0_26,oil-well,"(375,448,439,513)"
0_26,oil-well,"(63,69,117,126)"
103_16,oil-well,"(624,443,732,541)"
103_16,oil-well,"(90,695,150,763)"
102_90,oil-well,"(117,890,176,971)"
102_90,oil-well,"(183,909,225,988)"
102_90,oil-well,"(288,885,356,954)"
102_90,oil-well,"(376,953,435,1022)"
102_90,oil-well,"(222,926,269,994)"
102_90,oil-well,"(285,938,331,1012)"
103_84,oil-well,"(525,16,591,84)"
103_84,oil-well,"(436,112,525,206)"
103_84,oil-well,"(203,484,321,687)"
101_84,oil-well,"(622,523,669,580)"
101_74,oil-well,"(654,176,710,240)"
101_74,oil-well,"(430,448,484,507)"
101_74,oil-well,"(311,136,377,206)"
101_74,oil-well,"(152,27,218,123)"
104_100,oil-well,"(216,451,278,520)"
104_100,oil-well,"(172,488,223,556)"
100_85,oil-well,"(810,441,873,517)"
100_85,oil-well,"(432,843,520,975)"
101_2,oil-well,"(162,83,203,168)"
101_2,oil-well,"(196,94,236,166)"
101_2,oil-well,"(228,104,276,180)"
100_44,oil-well,"(339,378,394,445)"
100_44,oil-well,"(582,482,644,566)"
100_44,oil-well,"(319,214,360,294)"
100_44,oil-well,"(347,232,400,297)"
100_44,oil-well,"(2,410,60,485)"
100_44,oil-well,"(857,831,954,948)"
100_55,oil-well,"(673,44,744,126)"
100_55,oil-well,"(431,553,498,628)"
100_55,oil-well,"(98,244,163,322)"
100_55,oil-well,"(42,598,104,676)"
100_55,oil-well,"(837,673,897,753)"
100_55,oil-well,"(423,709,503,781)"
100_55,oil-well,"(620,822,669,900)"
100_55,oil-well,"(731,910,793,982)"
103_55,oil-well,"(311,147,374,215)"
103_55,oil-well,"(262,212,331,297)"
103_55,oil-well,"(933,166,1009,291)"
102_8,oil-well,"(322,320,379,385)"
102_8,oil-well,"(13,793,75,856)"
102_8,oil-well,"(207,70,294,163)"
103_30,oil-well,"(603,454,662,517)"
103_30,oil-well,"(642,558,722,653)"
103_68,oil-well,"(312,196,395,283)"
103_68,oil-well,"(312,321,382,393)"
103_68,oil-well,"(657,350,702,431)"
103_68,oil-well,"(436,23,538,172)"
0_35,oil-well,"(10,133,69,205)"
0_35,oil-well,"(270,235,333,300)"
0_35,oil-well,"(882,872,937,931)"
104_2,oil-well,"(253,818,313,894)"
104_2,oil-well,"(644,295,742,406)"
101_85,oil-well,"(438,66,520,203)"
101_85,oil-well,"(111,519,160,576)"
100_64,oil-well,"(695,136,753,205)"
100_64,oil-well,"(127,345,197,436)"
100_64,oil-well,"(33,26,98,97)"
100_64,oil-well,"(912,563,968,628)"
100_64,oil-well,"(331,676,406,763)"
100_64,oil-well,"(331,834,413,922)"
100_64,oil-well,"(335,953,416,1021)"
104_65,oil-well,"(220,466,297,547)"
104_65,oil-well,"(300,603,369,676)"
104_65,oil-well,"(556,300,592,373)"
104_65,oil-well,"(485,282,528,386)"
104_65,oil-well,"(376,333,428,394)"
104_65,oil-well,"(451,289,488,403)"
104_65,oil-well,"(553,429,588,531)"
100_19,oil-well,"(241,72,297,154)"
100_78,oil-well,"(125,847,210,1016)"
101_69,oil-well,"(314,240,354,297)"
100_46,oil-well,"(435,609,476,684)"
100_46,oil-well,"(501,610,548,682)"
100_46,oil-well,"(476,760,522,819)"
102_37,oil-well,"(750,10,818,100)"
102_7,oil-well,"(135,513,219,603)"
102_7,oil-well,"(232,918,311,1003)"
102_7,oil-well,"(776,793,843,856)"
102_7,oil-well,"(341,239,404,292)"
102_20,oil-well,"(116,517,198,600)"
102_20,oil-well,"(210,609,273,690)"
102_20,oil-well,"(486,895,553,994)"
102_94,oil-well,"(425,501,485,570)"
102_48,oil-well,"(965,225,1015,326)"
102_48,oil-well,"(454,787,506,863)"
104_44,oil-well,"(592,276,659,357)"
104_44,oil-well,"(513,514,564,587)"
104_44,oil-well,"(554,541,598,622)"
104_44,oil-well,"(582,575,647,667)"
100_59,oil-well,"(785,253,848,326)"
100_59,oil-well,"(662,419,719,481)"
100_59,oil-well,"(432,507,519,607)"
100_59,oil-well,"(113,406,180,481)"
105_53,oil-well,"(670,1,741,83)"
105_53,oil-well,"(242,329,297,387)"
102_28,oil-well,"(632,107,697,180)"
101_30,oil-well,"(274,178,315,240)"
101_30,oil-well,"(348,288,377,368)"
101_30,oil-well,"(369,296,404,364)"
101_30,oil-well,"(397,292,433,369)"
101_30,oil-well,"(453,324,494,391)"
101_30,oil-well,"(506,336,540,407)"
101_30,oil-well,"(531,355,570,419)"
101_30,oil-well,"(580,357,633,439)"
103_66,oil-well,"(303,9,354,109)"
101_44,oil-well,"(891,419,948,485)"
101_44,oil-well,"(855,55,958,184)"
104_99,oil-well,"(687,485,737,556)"
103_91,oil-well,"(407,249,483,327)"
100_15,oil-well,"(142,1,188,63)"
103_4,oil-well,"(187,239,250,306)"
103_4,oil-well,"(550,538,605,600)"
102_67,oil-well,"(335,5,420,100)"
102_67,oil-well,"(547,291,601,394)"
102_67,oil-well,"(145,153,203,228)"
102_67,oil-well,"(100,322,178,397)"
104_36,oil-well,"(519,116,569,208)"
104_36,oil-well,"(180,164,238,233)"
104_36,oil-well,"(595,127,637,207)"
104_36,oil-well,"(659,126,695,217)"
104_36,oil-well,"(691,123,729,220)"
104_36,oil-well,"(728,133,762,226)"
104_36,oil-well,"(194,798,288,912)"
104_36,oil-well,"(248,931,320,1018)"
104_36,oil-well,"(401,956,466,1022)"
104_22,oil-well,"(23,253,91,322)"
104_22,oil-well,"(126,722,205,809)"
104_22,oil-well,"(578,501,644,572)"
104_22,oil-well,"(732,470,795,538)"
104_22,oil-well,"(870,501,926,563)"
104_22,oil-well,"(851,619,903,682)"
102_61,oil-well,"(72,117,144,186)"
100_47,oil-well,"(428,426,510,517)"
100_47,oil-well,"(600,397,657,469)"
100_47,oil-well,"(457,928,520,998)"
100_47,oil-well,"(578,831,639,918)"
100_47,oil-well,"(632,617,701,719)"
100_47,oil-well,"(260,276,297,385)"
100_47,oil-well,"(297,273,338,383)"
101_57,oil-well,"(60,178,123,249)"
102_63,oil-well,"(601,497,660,569)"
103_80,oil-well,"(46,58,122,154)"
103_80,oil-well,"(39,0,103,58)"
102_11,oil-well,"(391,813,464,881)"
102_11,oil-well,"(775,935,823,1019)"
104_61,oil-well,"(403,528,454,609)"
104_61,oil-well,"(604,762,672,848)"
104_61,oil-well,"(854,882,948,971)"
105_22,oil-well,"(645,567,696,649)"
105_22,oil-well,"(531,521,595,588)"
100_12,oil-well,"(581,844,637,940)"
101_47,oil-well,"(571,67,633,142)"
101_47,oil-well,"(460,165,519,233)"
103_61,oil-well,"(854,349,899,400)"
103_61,oil-well,"(557,358,623,423)"
103_61,oil-well,"(530,441,593,509)"
103_61,oil-well,"(846,492,911,568)"
103_61,oil-well,"(890,453,939,515)"
103_3,oil-well,"(154,5,211,61)"
103_3,oil-well,"(236,514,302,592)"
103_3,oil-well,"(958,236,1015,304)"
101_37,oil-well,"(474,493,510,557)"
101_37,oil-well,"(505,485,549,552)"
101_37,oil-well,"(692,143,734,205)"
101_37,oil-well,"(593,500,627,567)"
101_37,oil-well,"(622,502,656,580)"
101_37,oil-well,"(755,523,812,604)"
101_37,oil-well,"(144,13,188,87)"
101_37,oil-well,"(183,13,228,80)"
101_37,oil-well,"(251,18,293,80)"
101_37,oil-well,"(291,4,323,69)"
101_37,oil-well,"(317,2,357,62)"
101_37,oil-well,"(356,2,393,62)"
104_32,oil-well,"(544,428,614,507)"
104_32,oil-well,"(504,863,667,972)"
104_32,oil-well,"(150,876,248,951)"
102_77,oil-well,"(731,370,788,442)"
102_77,oil-well,"(95,800,166,935)"
101_63,oil-well,"(215,221,284,310)"
101_63,oil-well,"(196,354,252,411)"
101_63,oil-well,"(174,411,242,472)"
101_63,oil-well,"(719,38,783,112)"
102_44,oil-well,"(381,925,475,1013)"
102_44,oil-well,"(503,232,585,311)"
104_55,oil-well,"(585,946,659,1021)"
104_55,oil-well,"(23,850,204,956)"
105_5,oil-well,"(504,146,578,220)"
100_2,oil-well,"(157,854,208,925)"
100_2,oil-well,"(200,859,233,937)"
100_2,oil-well,"(230,873,267,947)"
100_56,oil-well,"(617,214,669,283)"
100_56,oil-well,"(325,245,388,326)"
100_56,oil-well,"(72,676,133,748)"
100_56,oil-well,"(406,420,481,507)"
100_56,oil-well,"(411,882,459,966)"
100_56,oil-well,"(567,941,644,1015)"
100_56,oil-well,"(445,891,500,978)"
101_21,oil-well,"(302,587,356,659)"
101_21,oil-well,"(349,418,391,487)"
101_21,oil-well,"(388,401,446,494)"
102_42,oil-well,"(182,876,289,990)"
0_43,oil-well,"(620,544,694,623)"
0_38,oil-well,"(654,230,712,283)"
0_38,oil-well,"(523,283,585,350)"
0_9,oil-well,"(491,50,548,107)"
0_9,oil-well,"(710,385,784,459)"
0_9,oil-well,"(242,509,301,572)"
0_9,oil-well,"(69,526,110,617)"
0_14,oil-well,"(950,442,1019,503)"
0_14,oil-well,"(57,617,138,685)"
0_36,oil-well,"(279,307,342,376)"
0_36,oil-well,"(613,475,673,537)"
0_36,oil-well,"(111,870,166,932)"
102_12,oil-well,"(398,625,482,720)"
102_12,oil-well,"(601,940,666,1019)"
103_76,oil-well,"(864,46,929,165)"
103_76,oil-well,"(259,354,303,427)"
104_29,oil-well,"(844,557,897,634)"
104_29,oil-well,"(875,748,926,816)"
104_74,oil-well,"(642,147,704,217)"
100_79,oil-well,"(893,497,985,592)"
100_79,oil-well,"(741,520,782,592)"
100_79,oil-well,"(707,516,751,597)"
100_79,oil-well,"(601,525,654,603)"
0_8,oil-well,"(582,528,628,628)"
0_8,oil-well,"(269,688,332,756)"
0_8,oil-well,"(451,687,516,776)"
100_74,oil-well,"(650,946,706,1012)"
100_74,oil-well,"(308,904,376,971)"
100_74,oil-well,"(157,794,222,895)"
104_12,oil-well,"(47,757,130,834)"
104_12,oil-well,"(806,810,918,928)"
104_12,oil-well,"(850,965,910,1019)"
100_57,oil-well,"(101,214,164,279)"
100_57,oil-well,"(426,701,514,791)"
100_57,oil-well,"(629,214,706,322)"
100_57,oil-well,"(51,944,139,1015)"
100_36,oil-well,"(360,257,416,316)"
100_36,oil-well,"(463,233,513,306)"
100_36,oil-well,"(651,781,700,851)"
100_36,oil-well,"(701,782,742,851)"
100_36,oil-well,"(161,659,217,731)"
100_36,oil-well,"(317,397,389,509)"
100_36,oil-well,"(326,322,382,386)"
100_36,oil-well,"(120,553,173,614)"
100_36,oil-well,"(98,603,157,660)"
100_36,oil-well,"(80,644,135,700)"
100_91,oil-well,"(48,847,107,919)"
100_91,oil-well,"(32,906,101,962)"
100_91,oil-well,"(25,951,89,1016)"
100_53,oil-well,"(454,406,517,473)"
100_53,oil-well,"(434,488,497,570)"
100_53,oil-well,"(860,151,928,236)"
100_53,oil-well,"(868,698,912,773)"
100_53,oil-well,"(909,684,954,778)"
102_64,oil-well,"(451,235,501,308)"
102_64,oil-well,"(416,581,488,660)"
104_14,oil-well,"(951,4,1023,77)"
104_14,oil-well,"(940,161,1018,254)"
104_14,oil-well,"(919,273,991,350)"
100_58,oil-well,"(623,410,691,479)"
102_15,oil-well,"(253,219,320,297)"
102_15,oil-well,"(383,153,448,238)"
102_15,oil-well,"(253,578,307,648)"
101_32,oil-well,"(268,321,322,393)"
101_32,oil-well,"(557,384,625,472)"
101_32,oil-well,"(128,493,216,574)"
103_41,oil-well,"(697,112,763,209)"
102_21,oil-well,"(288,72,358,153)"
102_21,oil-well,"(319,860,373,951)"
102_21,oil-well,"(367,866,410,953)"
103_58,oil-well,"(88,316,132,387)"
103_58,oil-well,"(130,313,183,387)"
101_49,oil-well,"(1,19,86,115)"
100_83,oil-well,"(888,136,934,223)"
100_83,oil-well,"(938,141,984,233)"
100_83,oil-well,"(83,665,236,766)"
100_83,oil-well,"(389,687,448,769)"
100_83,oil-well,"(445,701,495,778)"
0_39,oil-well,"(572,195,634,269)"
103_79,oil-well,"(436,499,500,581)"
103_79,oil-well,"(825,57,886,151)"
103_79,oil-well,"(801,2,869,57)"
101_54,oil-well,"(579,450,647,519)"
101_81,oil-well,"(484,23,545,96)"
104_58,oil-well,"(589,878,639,956)"
103_2,oil-well,"(662,2,727,60)"
101_56,oil-well,"(572,173,634,250)"
101_56,oil-well,"(422,124,496,208)"
102_58,oil-well,"(441,351,491,434)"
102_58,oil-well,"(486,350,525,441)"
102_58,oil-well,"(559,344,597,434)"
102_58,oil-well,"(589,344,641,439)"
103_85,oil-well,"(497,476,558,555)"
103_85,oil-well,"(16,13,86,84)"
100_48,oil-well,"(622,700,669,770)"
100_48,oil-well,"(89,398,151,466)"
100_48,oil-well,"(742,563,790,628)"
100_48,oil-well,"(787,570,835,632)"
100_48,oil-well,"(760,776,860,888)"
100_48,oil-well,"(520,854,572,946)"
100_48,oil-well,"(116,619,183,710)"
100_48,oil-well,"(63,832,126,912)"
100_34,oil-well,"(460,506,514,572)"
100_34,oil-well,"(413,538,473,613)"
100_34,oil-well,"(183,488,226,551)"
100_34,oil-well,"(248,645,304,717)"
100_34,oil-well,"(85,470,132,532)"
100_34,oil-well,"(147,475,182,539)"
100_73,oil-well,"(373,481,431,545)"
100_73,oil-well,"(657,707,719,788)"
100_73,oil-well,"(676,798,738,893)"
100_73,oil-well,"(13,173,69,232)"
100_18,oil-well,"(364,183,436,248)"
105_41,oil-well,"(241,384,285,442)"
105_41,oil-well,"(290,397,350,462)"
105_41,oil-well,"(83,678,137,739)"
105_41,oil-well,"(428,467,491,530)"
103_11,oil-well,"(396,48,456,107)"
103_11,oil-well,"(781,171,827,253)"
103_11,oil-well,"(326,333,418,422)"
103_11,oil-well,"(179,334,236,390)"
0_30,oil-well,"(176,467,230,529)"
0_30,oil-well,"(295,766,360,834)"
101_58,oil-well,"(275,421,336,486)"
104_6,oil-well,"(566,353,626,436)"
104_6,oil-well,"(478,587,538,650)"
102_70,oil-well,"(66,233,133,307)"
102_70,oil-well,"(29,560,120,660)"
102_70,oil-well,"(776,916,850,994)"
101_14,oil-well,"(941,507,1012,583)"
101_14,oil-well,"(536,555,587,638)"
102_68,oil-well,"(370,232,431,292)"
102_68,oil-well,"(286,295,369,394)"
102_68,oil-well,"(39,298,95,385)"
102_68,oil-well,"(444,795,538,947)"
102_31,oil-well,"(114,589,167,654)"
102_31,oil-well,"(32,456,95,517)"
103_74,oil-well,"(129,114,176,174)"
103_74,oil-well,"(79,316,140,393)"
103_74,oil-well,"(260,387,315,455)"
103_74,oil-well,"(915,335,996,449)"
103_74,oil-well,"(647,659,705,726)"
0_28,oil-well,"(75,129,141,188)"
0_28,oil-well,"(295,406,369,475)"
0_28,oil-well,"(514,776,581,838)"
104_76,oil-well,"(703,361,782,469)"
104_76,oil-well,"(163,398,239,497)"
103_21,oil-well,"(157,401,231,478)"
105_57,oil-well,"(336,488,409,568)"
105_57,oil-well,"(792,548,846,623)"
101_36,oil-well,"(649,14,700,81)"
101_36,oil-well,"(696,9,742,82)"
103_70,oil-well,"(782,151,847,218)"
103_70,oil-well,"(591,214,643,276)"
103_70,oil-well,"(967,400,1012,480)"
103_70,oil-well,"(3,468,80,552)"
102_75,oil-well,"(375,637,461,750)"
105_32,oil-well,"(148,112,232,186)"
105_32,oil-well,"(500,100,664,196)"
105_32,oil-well,"(152,525,205,608)"
105_36,oil-well,"(194,30,293,137)"
105_36,oil-well,"(531,281,583,344)"
105_36,oil-well,"(406,183,462,269)"
105_36,oil-well,"(260,163,320,256)"
103_57,oil-well,"(83,14,144,78)"
103_57,oil-well,"(54,60,123,128)"
103_57,oil-well,"(414,60,468,225)"
103_57,oil-well,"(856,314,900,390)"
103_57,oil-well,"(897,306,946,392)"
100_100,oil-well,"(788,725,840,781)"
100_100,oil-well,"(216,579,272,651)"
100_100,oil-well,"(272,622,322,682)"
100_100,oil-well,"(344,645,395,707)"
100_5,oil-well,"(364,614,420,681)"
100_5,oil-well,"(725,36,790,101)"
104_26,oil-well,"(528,428,603,498)"
104_26,oil-well,"(673,342,728,403)"
104_26,oil-well,"(8,648,89,738)"
104_26,oil-well,"(27,765,85,850)"
101_68,oil-well,"(387,431,449,519)"
101_68,oil-well,"(610,238,687,316)"
101_68,oil-well,"(691,134,762,216)"
101_86,oil-well,"(577,390,667,480)"
102_62,oil-well,"(469,16,529,89)"
102_62,oil-well,"(450,922,534,1021)"
102_62,oil-well,"(394,295,467,382)"
103_5,oil-well,"(823,382,892,450)"
103_5,oil-well,"(30,534,94,600)"
103_5,oil-well,"(251,660,312,732)"
0_7,oil-well,"(219,941,278,1010)"
102_96,oil-well,"(114,133,192,233)"
100_35,oil-well,"(879,557,948,617)"
100_35,oil-well,"(929,665,988,737)"
100_35,oil-well,"(863,601,928,665)"
100_35,oil-well,"(848,644,901,713)"
101_12,oil-well,"(584,79,631,163)"
105_23,oil-well,"(685,209,756,311)"
100_98,oil-well,"(812,222,884,300)"
101_67,oil-well,"(146,666,205,727)"
104_4,oil-well,"(551,27,609,82)"
101_15,oil-well,"(175,509,250,579)"
101_15,oil-well,"(385,667,450,743)"
100_76,oil-well,"(759,647,862,800)"
100_76,oil-well,"(888,376,965,503)"
100_76,oil-well,"(673,946,741,1018)"
100_76,oil-well,"(155,943,226,1007)"
100_76,oil-well,"(60,835,120,910)"
102_69,oil-well,"(578,236,641,304)"
102_69,oil-well,"(541,564,638,672)"
105_16,oil-well,"(22,123,75,203)"
105_16,oil-well,"(173,347,230,399)"
104_13,oil-well,"(60,810,141,922)"
104_13,oil-well,"(361,47,435,141)"
100_92,oil-well,"(267,395,345,489)"
105_37,oil-well,"(25,276,69,336)"
105_37,oil-well,"(293,454,350,520)"
105_37,oil-well,"(346,401,411,476)"
101_77,oil-well,"(898,78,976,253)"
101_95,oil-well,"(633,657,709,741)"
105_50,oil-well,"(676,43,749,139)"
105_50,oil-well,"(568,0,645,77)"
104_64,oil-well,"(251,653,320,757)"
0_32,oil-well,"(263,804,314,870)"
102_71,oil-well,"(14,921,82,990)"
102_13,oil-well,"(222,438,300,550)"
102_13,oil-well,"(257,838,320,901)"
100_77,oil-well,"(626,61,700,142)"
100_77,oil-well,"(898,848,981,1015)"
100_77,oil-well,"(120,392,200,509)"
100_77,oil-well,"(1,641,97,788)"
0_40,oil-well,"(535,8,591,67)"
0_40,oil-well,"(58,197,125,263)"
104_59,oil-well,"(506,445,660,587)"
103_62,oil-well,"(78,350,133,400)"
103_62,oil-well,"(452,150,542,261)"
103_62,oil-well,"(249,182,322,278)"
103_62,oil-well,"(80,485,146,560)"
103_62,oil-well,"(115,453,174,516)"
103_13,oil-well,"(247,70,315,126)"
103_13,oil-well,"(339,386,391,439)"
103_13,oil-well,"(360,556,438,654)"
0_5,oil-well,"(157,219,216,275)"
103_12,oil-well,"(603,176,656,246)"
103_12,oil-well,"(12,173,57,252)"
102_74,oil-well,"(336,401,403,481)"
102_74,oil-well,"(486,726,553,804)"
102_74,oil-well,"(127,878,189,944)"
101_18,oil-well,"(781,195,823,268)"
101_18,oil-well,"(817,206,855,284)"
104_81,oil-well,"(494,625,566,707)"
104_81,oil-well,"(356,953,436,1018)"
100_54,oil-well,"(391,58,459,130)"
100_54,oil-well,"(607,245,672,314)"
100_54,oil-well,"(551,589,622,684)"
100_54,oil-well,"(97,142,147,242)"
100_54,oil-well,"(470,692,532,770)"
100_54,oil-well,"(142,679,192,773)"
100_54,oil-well,"(98,698,145,767)"
100_54,oil-well,"(395,807,447,901)"
100_88,oil-well,"(11,201,82,292)"
104_40,oil-well,"(875,201,966,275)"
104_40,oil-well,"(882,255,960,333)"
104_40,oil-well,"(529,188,603,386)"
103_32,oil-well,"(581,24,666,188)"
100_30,oil-well,"(5,358,58,438)"
100_30,oil-well,"(111,372,173,445)"
100_30,oil-well,"(713,737,766,809)"
100_30,oil-well,"(219,439,301,526)"
100_30,oil-well,"(269,950,320,1012)"
100_52,oil-well,"(272,260,333,323)"
101_1,oil-well,"(939,86,1022,168)"
103_47,oil-well,"(449,416,518,491)"
103_47,oil-well,"(408,496,483,567)"
103_47,oil-well,"(46,546,136,646)"
100_3,oil-well,"(570,929,613,1013)"
100_3,oil-well,"(604,925,648,1015)"
100_3,oil-well,"(644,937,684,1016)"
103_90,oil-well,"(116,123,174,203)"
103_90,oil-well,"(290,121,360,189)"
103_90,oil-well,"(390,192,424,263)"
103_90,oil-well,"(186,143,226,219)"
103_90,oil-well,"(220,153,269,231)"
103_90,oil-well,"(282,179,331,242)"
103_89,oil-well,"(896,128,946,210)"
103_89,oil-well,"(960,147,994,222)"
103_89,oil-well,"(993,147,1022,228)"
102_57,oil-well,"(79,776,138,847)"
102_57,oil-well,"(410,831,485,993)"
102_57,oil-well,"(57,822,120,897)"
102_57,oil-well,"(684,879,756,984)"
100_60,oil-well,"(25,250,80,331)"
100_60,oil-well,"(557,200,604,304)"
100_60,oil-well,"(519,793,579,868)"
100_60,oil-well,"(707,447,760,538)"
100_51,oil-well,"(569,178,650,267)"
100_51,oil-well,"(86,173,139,235)"
100_51,oil-well,"(576,294,628,375)"
100_51,oil-well,"(682,326,734,389)"
100_51,oil-well,"(741,319,812,398)"
100_51,oil-well,"(616,300,673,373)"
101_66,oil-well,"(692,20,754,86)"
101_66,oil-well,"(916,663,969,729)"
105_31,oil-well,"(936,108,1004,188)"
105_31,oil-well,"(920,524,967,608)"
105_55,oil-well,"(587,177,667,262)"
105_55,oil-well,"(646,300,709,366)"
105_55,oil-well,"(334,637,395,702)"
104_49,oil-well,"(497,637,667,773)"
100_21,oil-well,"(475,386,523,451)"
100_86,oil-well,"(32,445,111,516)"
100_86,oil-well,"(188,10,258,91)"
102_32,oil-well,"(584,785,666,957)"
101_48,oil-well,"(64,66,125,145)"
101_48,oil-well,"(516,91,569,178)"
101_48,oil-well,"(758,15,851,119)"
101_40,oil-well,"(321,295,395,381)"
101_40,oil-well,"(332,376,390,433)"
101_73,oil-well,"(666,29,742,116)"
101_73,oil-well,"(463,246,518,321)"
0_37,oil-well,"(264,511,329,584)"
0_37,oil-well,"(98,476,157,535)"
0_37,oil-well,"(625,678,692,737)"
0_37,oil-well,"(657,891,738,960)"
101_11,oil-well,"(638,460,689,531)"
104_0,oil-well,"(351,236,406,313)"
104_0,oil-well,"(314,356,375,413)"
103_25,oil-well,"(547,64,583,134)"
103_25,oil-well,"(581,60,619,134)"
103_25,oil-well,"(702,116,743,175)"
103_25,oil-well,"(510,182,563,241)"
105_21,oil-well,"(249,114,306,177)"
105_21,oil-well,"(329,150,387,215)"
102_23,oil-well,"(189,757,236,818)"
102_23,oil-well,"(226,729,269,812)"
102_23,oil-well,"(135,459,182,528)"
104_27,oil-well,"(429,706,488,790)"
104_27,oil-well,"(157,341,216,394)"
104_27,oil-well,"(22,425,77,500)"
100_66,oil-well,"(703,785,757,850)"
105_2,oil-well,"(253,47,315,126)"
105_2,oil-well,"(719,314,765,376)"
100_16,oil-well,"(470,876,548,987)"
100_16,oil-well,"(591,129,632,205)"
100_16,oil-well,"(631,104,672,185)"
100_16,oil-well,"(669,120,716,201)"
100_16,oil-well,"(747,120,779,195)"
100_16,oil-well,"(810,97,851,178)"
100_16,oil-well,"(840,77,888,173)"
102_72,oil-well,"(419,226,495,311)"
102_72,oil-well,"(481,381,547,456)"
102_72,oil-well,"(463,629,548,717)"
102_72,oil-well,"(881,291,938,378)"
102_72,oil-well,"(357,576,404,665)"
102_72,oil-well,"(403,582,438,676)"
100_101,oil-well,"(20,723,75,782)"
100_101,oil-well,"(401,338,454,397)"
103_10,oil-well,"(695,327,749,393)"
103_10,oil-well,"(449,688,507,751)"
104_89,oil-well,"(932,375,1019,519)"
105_13,oil-well,"(45,44,133,162)"
105_13,oil-well,"(88,205,145,262)"
105_13,oil-well,"(316,457,386,537)"
102_89,oil-well,"(436,526,511,609)"
102_89,oil-well,"(888,890,947,968)"
102_89,oil-well,"(956,904,998,991)"
102_89,oil-well,"(991,926,1023,994)"
100_1,oil-well,"(470,297,525,348)"
100_1,oil-well,"(923,857,1023,950)"
103_27,oil-well,"(316,62,372,131)"
103_27,oil-well,"(367,308,422,374)"
101_7,oil-well,"(444,44,531,182)"
101_7,oil-well,"(524,144,569,218)"
101_7,oil-well,"(562,186,626,271)"
102_41,oil-well,"(331,722,401,787)"
102_41,oil-well,"(695,882,766,985)"
100_17,oil-well,"(44,92,83,163)"
100_17,oil-well,"(80,88,123,163)"
101_31,oil-well,"(623,216,677,292)"
101_31,oil-well,"(696,261,740,326)"
101_31,oil-well,"(258,5,311,65)"
101_31,oil-well,"(326,128,385,192)"
101_31,oil-well,"(625,418,675,484)"
101_31,oil-well,"(892,497,986,577)"
101_31,oil-well,"(73,360,120,434)"
100_38,oil-well,"(528,347,609,501)"
100_38,oil-well,"(563,511,626,576)"
104_63,oil-well,"(320,454,383,538)"
102_46,oil-well,"(567,89,635,164)"
102_46,oil-well,"(251,416,370,506)"
102_46,oil-well,"(77,887,155,987)"
105_33,oil-well,"(0,101,146,204)"
105_33,oil-well,"(222,210,282,308)"
102_91,oil-well,"(307,325,356,392)"
102_91,oil-well,"(404,428,532,623)"
105_4,oil-well,"(155,611,208,697)"
105_4,oil-well,"(205,660,264,729)"
102_84,oil-well,"(617,8,678,69)"
102_84,oil-well,"(306,607,351,679)"
102_84,oil-well,"(444,882,517,979)"
102_84,oil-well,"(522,781,594,854)"
102_84,oil-well,"(625,378,692,467)"
102_84,oil-well,"(687,416,753,482)"
105_3,oil-well,"(206,304,269,375)"
105_3,oil-well,"(564,515,625,577)"
105_3,oil-well,"(930,611,974,704)"
102_16,oil-well,"(666,372,732,435)"
102_16,oil-well,"(491,635,562,713)"
102_16,oil-well,"(314,754,381,813)"
102_16,oil-well,"(317,610,392,703)"
101_87,oil-well,"(67,392,152,481)"
103_77,oil-well,"(93,48,157,167)"
103_77,oil-well,"(807,253,894,404)"
0_4,oil-well,"(669,216,725,273)"
101_33,oil-well,"(33,378,112,467)"
101_33,oil-well,"(317,595,352,653)"
101_33,oil-well,"(765,1,822,64)"
0_33,oil-well,"(665,542,722,610)"
102_25,oil-well,"(535,825,581,901)"
102_25,oil-well,"(507,948,562,1007)"
102_25,oil-well,"(701,881,748,944)"
102_25,oil-well,"(572,823,623,897)"
104_50,oil-well,"(439,401,489,484)"
104_50,oil-well,"(507,388,560,492)"
104_50,oil-well,"(566,748,641,847)"
104_50,oil-well,"(669,806,742,897)"
104_50,oil-well,"(29,662,145,766)"
104_25,oil-well,"(770,647,853,740)"
104_25,oil-well,"(456,793,510,857)"
104_25,oil-well,"(459,570,511,641)"
104_25,oil-well,"(793,767,847,853)"
102_60,oil-well,"(301,176,360,255)"
102_60,oil-well,"(589,122,659,194)"
0_16,oil-well,"(92,314,138,406)"
0_16,oil-well,"(501,963,569,1023)"
104_67,oil-well,"(388,566,472,673)"
0_44,oil-well,"(107,547,191,625)"
104_11,oil-well,"(825,747,906,838)"
104_11,oil-well,"(207,650,281,756)"
104_15,oil-well,"(182,2,255,91)"
104_15,oil-well,"(182,163,253,254)"
104_15,oil-well,"(151,279,226,364)"
104_15,oil-well,"(526,894,594,973)"
104_15,oil-well,"(606,182,663,275)"
104_9,oil-well,"(375,366,461,459)"
104_9,oil-well,"(753,941,853,1021)"
104_9,oil-well,"(108,946,188,1021)"
103_33,oil-well,"(72,25,148,180)"
103_33,oil-well,"(416,61,482,146)"
103_33,oil-well,"(452,4,503,70)"
0_21,oil-well,"(395,179,461,239)"
0_21,oil-well,"(466,684,525,745)"
105_24,oil-well,"(166,219,261,306)"
105_24,oil-well,"(847,419,911,500)"
105_24,oil-well,"(805,684,861,755)"
104_21,oil-well,"(538,247,598,322)"
104_21,oil-well,"(639,725,712,815)"
104_21,oil-well,"(245,881,308,947)"
104_21,oil-well,"(326,921,391,979)"
105_17,oil-well,"(453,244,532,339)"
105_17,oil-well,"(493,549,542,610)"
100_27,oil-well,"(626,83,694,167)"
103_44,oil-well,"(388,164,466,241)"
103_44,oil-well,"(609,398,658,457)"
103_44,oil-well,"(732,442,786,498)"
103_48,oil-well,"(464,22,509,88)"
103_48,oil-well,"(461,686,517,747)"
104_3,oil-well,"(222,1,308,82)"
104_3,oil-well,"(122,298,235,407)"
101_76,oil-well,"(55,66,120,145)"
101_76,oil-well,"(400,448,456,518)"
101_76,oil-well,"(680,185,728,241)"
101_88,oil-well,"(231,609,348,731)"
100_22,oil-well,"(935,58,978,111)"
100_22,oil-well,"(890,127,946,178)"
100_22,oil-well,"(873,173,928,255)"
100_22,oil-well,"(570,432,648,513)"
104_90,oil-well,"(166,381,257,516)"
104_90,oil-well,"(692,439,770,559)"
103_69,oil-well,"(133,365,180,452)"
103_69,oil-well,"(518,471,593,555)"
103_31,oil-well,"(349,310,408,401)"
103_31,oil-well,"(419,335,474,421)"
103_31,oil-well,"(102,455,148,519)"
103_31,oil-well,"(132,558,221,651)"
104_54,oil-well,"(537,845,725,960)"
104_75,oil-well,"(684,398,750,485)"
104_75,oil-well,"(376,810,425,907)"
104_75,oil-well,"(270,741,326,853)"
100_71,oil-well,"(219,810,261,881)"
100_71,oil-well,"(175,816,211,881)"
100_71,oil-well,"(133,812,175,881)"
104_62,oil-well,"(389,900,448,1001)"
104_62,oil-well,"(497,951,557,1021)"
104_62,oil-well,"(80,893,178,968)"
102_88,oil-well,"(238,97,351,219)"
100_23,oil-well,"(160,54,211,110)"
100_23,oil-well,"(398,201,463,267)"
100_23,oil-well,"(372,255,431,322)"
100_23,oil-well,"(117,117,179,185)"
100_23,oil-well,"(101,163,158,217)"
100_23,oil-well,"(100,200,158,258)"
100_23,oil-well,"(22,793,77,847)"
100_7,oil-well,"(436,818,634,1018)"
100_43,oil-well,"(409,282,491,364)"
100_43,oil-well,"(510,410,569,486)"
100_43,oil-well,"(176,281,238,347)"
100_43,oil-well,"(205,258,272,323)"
102_95,oil-well,"(626,138,703,230)"
102_14,oil-well,"(363,569,432,650)"
102_79,oil-well,"(685,1,763,255)"
102_79,oil-well,"(428,600,507,685)"
102_79,oil-well,"(800,747,866,823)"
102_79,oil-well,"(826,822,894,926)"
102_79,oil-well,"(409,687,469,754)"
101_61,oil-well,"(2,23,64,99)"
101_61,oil-well,"(883,263,953,350)"
101_61,oil-well,"(81,632,140,704)"
103_15,oil-well,"(186,513,259,588)"
103_15,oil-well,"(605,697,663,766)"
103_15,oil-well,"(168,673,254,761)"
102_19,oil-well,"(41,347,107,441)"
102_19,oil-well,"(117,360,179,445)"
102_19,oil-well,"(478,688,529,762)"
102_19,oil-well,"(629,513,712,603)"
101_16,oil-well,"(470,108,545,214)"
104_51,oil-well,"(756,554,807,625)"
104_51,oil-well,"(261,295,313,364)"
104_51,oil-well,"(311,310,364,369)"
104_51,oil-well,"(358,325,410,389)"
104_51,oil-well,"(398,336,445,407)"
105_25,oil-well,"(66,424,145,504)"
105_25,oil-well,"(32,680,91,752)"
105_25,oil-well,"(796,9,845,76)"
105_25,oil-well,"(605,327,649,384)"
104_33,oil-well,"(657,612,719,682)"
104_33,oil-well,"(1,866,157,972)"
104_33,oil-well,"(33,423,83,513)"
102_6,oil-well,"(645,514,722,606)"
102_6,oil-well,"(298,401,353,463)"
102_55,oil-well,"(13,491,63,559)"
102_55,oil-well,"(86,504,135,570)"
102_55,oil-well,"(126,516,170,579)"
102_55,oil-well,"(228,517,278,601)"
102_55,oil-well,"(295,522,357,600)"
102_55,oil-well,"(311,918,379,981)"
102_87,oil-well,"(235,388,288,473)"
102_87,oil-well,"(333,416,386,500)"
104_85,oil-well,"(795,617,921,747)"
101_53,oil-well,"(420,528,480,591)"
100_37,oil-well,"(673,55,723,133)"
100_37,oil-well,"(547,82,629,158)"
100_37,oil-well,"(351,750,397,831)"
100_37,oil-well,"(319,762,361,834)"
100_37,oil-well,"(282,772,328,841)"
100_37,oil-well,"(250,776,295,845)"
100_37,oil-well,"(182,781,230,850)"
100_37,oil-well,"(139,782,192,853)"
105_35,oil-well,"(455,332,516,401)"
101_29,oil-well,"(125,617,180,691)"
100_61,oil-well,"(759,63,819,136)"
100_61,oil-well,"(629,341,687,410)"
100_61,oil-well,"(806,556,878,647)"
100_61,oil-well,"(963,523,1018,604)"
100_61,oil-well,"(469,494,514,560)"
100_61,oil-well,"(189,454,266,544)"
100_61,oil-well,"(42,194,98,306)"
100_61,oil-well,"(1,791,70,870)"
104_82,oil-well,"(192,7,273,73)"
100_84,oil-well,"(117,141,166,220)"
100_84,oil-well,"(172,142,222,229)"
105_27,oil-well,"(278,206,355,282)"
105_27,oil-well,"(630,246,681,305)"
105_27,oil-well,"(579,391,633,454)"
105_27,oil-well,"(414,593,468,654)"
105_27,oil-well,"(745,315,814,396)"
101_90,oil-well,"(798,76,877,253)"
100_39,oil-well,"(667,283,726,348)"
100_39,oil-well,"(679,344,723,397)"
100_39,oil-well,"(685,392,732,435)"
100_39,oil-well,"(682,432,753,491)"
104_69,oil-well,"(179,812,263,1023)"
101_70,oil-well,"(517,496,569,557)"
105_54,oil-well,"(519,78,723,195)"
0_29,oil-well,"(946,467,998,531)"
0_29,oil-well,"(10,769,61,837)"
100_32,oil-well,"(311,258,386,350)"
100_32,oil-well,"(155,175,220,248)"
100_32,oil-well,"(208,223,270,283)"
104_30,oil-well,"(641,45,731,155)"
104_30,oil-well,"(67,559,130,637)"
104_30,oil-well,"(98,742,155,823)"
102_18,oil-well,"(818,353,870,441)"
102_18,oil-well,"(879,356,946,453)"
105_15,oil-well,"(528,121,601,201)"
105_15,oil-well,"(689,340,738,409)"
105_15,oil-well,"(474,467,544,535)"
105_15,oil-well,"(380,510,445,577)"
0_20,oil-well,"(382,160,439,229)"
0_20,oil-well,"(101,667,155,760)"
0_12,oil-well,"(226,744,273,810)"
0_12,oil-well,"(559,787,626,875)"
0_12,oil-well,"(769,912,838,985)"
0_12,oil-well,"(95,1,169,61)"
103_45,oil-well,"(593,125,665,222)"
104_46,oil-well,"(810,36,903,133)"
104_46,oil-well,"(372,370,439,436)"
104_46,oil-well,"(333,510,386,592)"
104_46,oil-well,"(694,198,750,281)"
104_46,oil-well,"(750,317,813,385)"
105_29,oil-well,"(960,227,1005,310)"
105_29,oil-well,"(852,455,896,520)"
0_34,oil-well,"(522,132,579,205)"
0_34,oil-well,"(260,383,325,442)"
101_64,oil-well,"(343,185,410,257)"
103_82,oil-well,"(204,518,282,587)"
100_28,oil-well,"(531,30,582,85)"
100_28,oil-well,"(491,161,537,253)"
100_28,oil-well,"(482,254,535,331)"
100_28,oil-well,"(448,67,482,135)"
100_28,oil-well,"(473,57,520,126)"
100_28,oil-well,"(238,600,304,660)"
100_28,oil-well,"(261,653,326,698)"
100_28,oil-well,"(292,682,351,723)"
100_69,oil-well,"(86,528,147,588)"
100_69,oil-well,"(186,673,263,760)"
100_69,oil-well,"(220,629,301,726)"
100_69,oil-well,"(250,597,347,676)"
102_45,oil-well,"(342,310,406,392)"
102_45,oil-well,"(378,459,448,528)"
102_45,oil-well,"(575,893,662,985)"
104_77,oil-well,"(205,901,276,975)"
104_77,oil-well,"(685,563,785,742)"
103_75,oil-well,"(125,337,225,449)"
0_23,oil-well,"(432,497,488,559)"
0_23,oil-well,"(245,717,319,797)"
0_23,oil-well,"(356,788,404,879)"
0_17,oil-well,"(700,670,766,734)"
104_8,oil-well,"(614,941,694,1019)"
101_55,oil-well,"(626,55,677,134)"
101_55,oil-well,"(739,144,795,210)"
101_55,oil-well,"(67,452,135,517)"
102_3,oil-well,"(498,88,548,147)"
102_3,oil-well,"(153,781,216,831)"
102_85,oil-well,"(107,8,173,77)"
102_85,oil-well,"(113,370,182,464)"
102_85,oil-well,"(170,414,241,486)"
102_85,oil-well,"(17,785,86,856)"
103_35,oil-well,"(616,262,674,337)"
103_35,oil-well,"(972,365,1015,445)"
103_35,oil-well,"(950,675,996,750)"
103_35,oil-well,"(768,621,804,683)"
103_35,oil-well,"(801,628,849,695)"
104_16,oil-well,"(80,185,155,276)"
104_16,oil-well,"(272,275,347,348)"
104_16,oil-well,"(20,888,91,976)"
100_65,oil-well,"(381,179,442,244)"
100_65,oil-well,"(144,570,204,629)"
101_3,oil-well,"(504,603,549,657)"
101_3,oil-well,"(573,165,613,246)"
101_3,oil-well,"(612,162,648,241)"
101_3,oil-well,"(647,174,684,254)"
100_29,oil-well,"(372,88,429,180)"
100_29,oil-well,"(17,27,77,88)"
100_29,oil-well,"(737,122,794,186)"
100_29,oil-well,"(769,357,822,442)"
100_29,oil-well,"(436,279,489,336)"
100_29,oil-well,"(448,110,510,214)"
100_29,oil-well,"(884,373,937,445)"
104_66,oil-well,"(495,245,562,325)"
104_66,oil-well,"(688,373,769,463)"
104_66,oil-well,"(694,444,744,519)"
104_66,oil-well,"(356,898,411,966)"
104_66,oil-well,"(495,947,559,1019)"
104_84,oil-well,"(331,937,392,1001)"
104_84,oil-well,"(2,523,67,614)"
100_42,oil-well,"(947,282,1007,348)"
0_13,oil-well,"(569,616,650,682)"
0_13,oil-well,"(1,919,70,981)"
100_40,oil-well,"(151,279,219,342)"
100_40,oil-well,"(153,335,214,395)"
100_40,oil-well,"(172,382,228,441)"
100_40,oil-well,"(178,435,239,489)"
104_72,oil-well,"(439,409,494,482)"
104_10,oil-well,"(445,170,513,239)"
104_10,oil-well,"(4,935,73,1019)"
101_46,oil-well,"(474,2,519,48)"
101_46,oil-well,"(572,602,633,686)"
0_42,oil-well,"(33,10,105,75)"
0_42,oil-well,"(464,853,531,913)"
103_18,oil-well,"(860,427,910,504)"
103_18,oil-well,"(933,513,1009,596)"
102_53,oil-well,"(413,11,478,82)"
102_53,oil-well,"(445,298,503,372)"
102_53,oil-well,"(585,250,687,383)"
103_71,oil-well,"(14,150,79,220)"
103_71,oil-well,"(193,401,257,470)"
100_14,oil-well,"(275,486,341,567)"
103_9,oil-well,"(566,215,648,292)"
103_9,oil-well,"(698,456,770,548)"
0_15,oil-well,"(178,441,254,507)"
0_15,oil-well,"(598,314,657,407)"
103_59,oil-well,"(279,290,388,367)"
103_59,oil-well,"(449,331,483,400)"
100_75,oil-well,"(439,520,503,603)"
100_75,oil-well,"(572,832,629,922)"
100_75,oil-well,"(670,943,726,1009)"
100_49,oil-well,"(5,785,89,890)"
101_28,oil-well,"(641,623,698,696)"
104_79,oil-well,"(369,326,428,391)"
104_79,oil-well,"(497,868,584,960)"
104_38,oil-well,"(233,273,308,366)"
103_6,oil-well,"(58,388,118,452)"
101_96,oil-well,"(118,652,190,749)"
101_96,oil-well,"(355,109,396,186)"
101_20,oil-well,"(347,446,389,563)"
101_20,oil-well,"(386,473,428,560)"
101_20,oil-well,"(423,446,461,562)"
104_86,oil-well,"(29,628,154,744)"
102_29,oil-well,"(113,110,183,173)"
102_29,oil-well,"(766,241,969,347)"
101_19,oil-well,"(231,442,278,503)"
101_19,oil-well,"(13,195,54,261)"
101_19,oil-well,"(50,215,86,281)"
105_34,oil-well,"(315,446,354,520)"
105_34,oil-well,"(308,263,344,337)"
105_34,oil-well,"(249,681,291,762)"
105_34,oil-well,"(97,680,147,762)"
105_14,oil-well,"(484,276,585,370)"
103_8,oil-well,"(462,423,535,506)"
103_46,oil-well,"(78,129,151,215)"
103_46,oil-well,"(820,549,904,647)"
103_46,oil-well,"(701,723,752,766)"
101_22,oil-well,"(342,524,378,595)"
101_22,oil-well,"(378,541,409,619)"
101_22,oil-well,"(411,560,445,625)"
101_22,oil-well,"(550,578,581,649)"
101_22,oil-well,"(582,572,621,644)"
101_22,oil-well,"(614,576,655,656)"
101_22,oil-well,"(652,585,688,653)"
105_10,oil-well,"(372,634,449,740)"
105_10,oil-well,"(3,168,72,258)"
103_81,oil-well,"(974,516,1022,576)"
103_14,oil-well,"(591,421,652,503)"
103_14,oil-well,"(704,228,774,306)"
103_14,oil-well,"(956,517,1019,590)"
103_14,oil-well,"(940,668,1016,759)"
100_33,oil-well,"(363,554,417,628)"
100_33,oil-well,"(856,473,898,535)"
100_33,oil-well,"(910,469,954,542)"
100_33,oil-well,"(951,491,991,551)"
100_33,oil-well,"(688,669,740,738)"
100_33,oil-well,"(767,772,823,832)"
104_19,oil-well,"(172,2,244,97)"
0_27,oil-well,"(857,135,907,185)"
0_27,oil-well,"(650,367,709,429)"
105_45,oil-well,"(399,391,491,494)"
100_31,oil-well,"(331,2,397,76)"
100_31,oil-well,"(520,16,581,85)"
100_31,oil-well,"(570,29,601,89)"
100_31,oil-well,"(612,51,667,114)"
100_31,oil-well,"(651,85,697,133)"
100_31,oil-well,"(918,175,978,253)"
100_31,oil-well,"(194,740,251,807)"
100_31,oil-well,"(255,765,314,841)"
100_31,oil-well,"(323,893,391,963)"
102_30,oil-well,"(626,591,688,657)"
102_30,oil-well,"(544,451,598,519)"
102_30,oil-well,"(7,251,52,322)"
102_30,oil-well,"(76,267,120,339)"
102_30,oil-well,"(116,266,153,344)"
102_30,oil-well,"(141,273,194,342)"
102_22,oil-well,"(329,17,450,102)"
102_22,oil-well,"(544,63,691,141)"
102_22,oil-well,"(898,463,957,529)"
0_31,oil-well,"(591,207,666,272)"
0_24,oil-well,"(414,336,476,403)"
0_24,oil-well,"(584,151,654,214)"
0_24,oil-well,"(581,531,631,587)"
0_24,oil-well,"(491,650,544,700)"
0_24,oil-well,"(414,815,478,882)"
0_24,oil-well,"(317,553,372,617)"
100_82,oil-well,"(597,657,741,763)"
102_9,oil-well,"(816,258,893,354)"
102_2,oil-well,"(301,307,373,382)"
104_23,oil-well,"(178,392,245,486)"
104_23,oil-well,"(107,498,157,563)"
104_23,oil-well,"(91,617,129,682)"
103_93,oil-well,"(273,39,357,133)"
100_87,oil-well,"(782,204,851,282)"
100_87,oil-well,"(310,582,382,666)"
102_80,oil-well,"(30,745,101,820)"
102_80,oil-well,"(45,820,126,921)"
101_78,oil-well,"(132,77,209,254)"
103_7,oil-well,"(233,152,313,232)"
0_19,oil-well,"(613,667,657,759)"
0_19,oil-well,"(435,940,500,1003)"
0_19,oil-well,"(44,278,77,376)"
101_91,oil-well,"(29,81,109,250)"
102_26,oil-well,"(690,201,745,253)"
102_26,oil-well,"(732,139,766,191)"
102_26,oil-well,"(595,560,637,635)"
102_26,oil-well,"(728,589,763,653)"
102_26,oil-well,"(632,573,678,634)"
102_26,oil-well,"(282,548,366,690)"
103_36,oil-well,"(3,623,73,695)"
103_36,oil-well,"(209,370,257,449)"
103_36,oil-well,"(183,676,224,755)"
103_36,oil-well,"(658,641,695,721)"
103_36,oil-well,"(694,631,731,732)"
103_36,oil-well,"(730,646,763,732)"
103_36,oil-well,"(600,634,635,713)"
103_36,oil-well,"(527,624,568,712)"
100_80,oil-well,"(123,500,214,588)"
100_80,oil-well,"(525,7,600,76)"
104_83,oil-well,"(667,470,737,592)"
104_83,oil-well,"(762,514,829,622)"
0_11,oil-well,"(228,186,304,250)"
0_11,oil-well,"(160,579,230,647)"
0_11,oil-well,"(461,603,523,666)"
0_11,oil-well,"(876,2,934,57)"
103_20,oil-well,"(483,134,547,215)"
103_20,oil-well,"(920,399,999,481)"
100_67,oil-well,"(439,150,498,216)"
100_67,oil-well,"(703,385,748,442)"
102_59,oil-well,"(197,33,281,108)"
102_59,oil-well,"(517,139,598,220)"
0_41,oil-well,"(550,10,617,75)"
0_41,oil-well,"(272,676,350,762)"
102_81,oil-well,"(828,248,901,351)"
102_81,oil-well,"(885,351,960,442)"
101_79,oil-well,"(698,494,766,761)"
101_60,oil-well,"(512,23,573,102)"
101_60,oil-well,"(589,634,654,699)"
101_60,oil-well,"(308,684,354,764)"
102_83,oil-well,"(542,807,685,987)"
0_18,oil-well,"(687,432,766,503)"
0_18,oil-well,"(185,669,251,735)"
102_73,oil-well,"(119,297,164,372)"
102_73,oil-well,"(417,381,459,467)"
102_73,oil-well,"(459,382,500,472)"
102_73,oil-well,"(639,879,690,943)"
0_22,oil-well,"(553,331,629,400)"
0_25,oil-well,"(820,67,887,129)"
102_82,oil-well,"(60,248,132,353)"
102_82,oil-well,"(110,348,192,444)"
102_66,oil-well,"(469,422,514,516)"
102_66,oil-well,"(544,414,617,526)"
102_66,oil-well,"(912,154,979,226)"
102_66,oil-well,"(875,320,947,397)"
102_66,oil-well,"(347,520,411,613)"
102_66,oil-well,"(432,569,516,648)"
102_66,oil-well,"(306,772,366,873)"
102_66,oil-well,"(963,901,1012,975)"
104_5,oil-well,"(36,26,94,88)"
104_5,oil-well,"(247,147,317,225)"
104_5,oil-well,"(504,915,576,993)"
103_73,oil-well,"(641,113,694,177)"
103_73,oil-well,"(253,227,320,304)"
103_73,oil-well,"(598,306,659,398)"
102_76,oil-well,"(806,197,900,304)"
102_76,oil-well,"(863,807,932,932)"
102_76,oil-well,"(281,663,344,745)"
102_76,oil-well,"(230,270,298,344)"
102_76,oil-well,"(748,323,795,407)"
102_76,oil-well,"(825,341,869,420)"
102_76,oil-well,"(863,325,909,413)"
102_76,oil-well,"(962,369,1007,436)"
104_68,oil-well,"(948,807,1018,1023)"
104_37,oil-well,"(8,116,57,204)"
104_37,oil-well,"(83,125,122,200)"
104_37,oil-well,"(144,123,186,210)"
104_37,oil-well,"(179,119,213,219)"
104_37,oil-well,"(216,132,261,217)"
101_8,oil-well,"(212,583,279,667)"
105_11,oil-well,"(717,410,784,492)"
105_11,oil-well,"(674,645,726,713)"
105_11,oil-well,"(321,677,380,744)"
105_11,oil-well,"(829,1,897,66)"
102_56,oil-well,"(585,778,654,848)"
102_56,oil-well,"(401,614,470,688)"
102_56,oil-well,"(557,820,634,898)"
101_45,oil-well,"(96,55,185,186)"
101_45,oil-well,"(108,401,186,480)"
100_68,oil-well,"(364,5,434,77)"
100_68,oil-well,"(194,385,251,441)"
100_68,oil-well,"(248,497,333,579)"
100_68,oil-well,"(853,526,916,591)"
100_68,oil-well,"(688,906,757,982)"
100_68,oil-well,"(732,79,798,160)"
103_19,oil-well,"(167,510,237,596)"
103_19,oil-well,"(87,430,143,499)"
100_81,oil-well,"(489,787,544,863)"
100_81,oil-well,"(14,5,89,77)"
101_59,oil-well,"(532,656,596,728)"
101_59,oil-well,"(547,494,614,580)"
105_12,oil-well,"(827,48,907,158)"
105_12,oil-well,"(855,201,909,264)"
105_12,oil-well,"(222,269,279,329)"
105_12,oil-well,"(57,2,128,62)"
104_7,oil-well,"(551,197,619,298)"
104_7,oil-well,"(395,278,448,336)"
104_7,oil-well,"(41,354,129,434)"
101_62,oil-well,"(114,264,188,358)"
101_62,oil-well,"(713,357,758,417)"
101_62,oil-well,"(688,418,750,481)"
101_62,oil-well,"(473,531,525,599)"
101_62,oil-well,"(396,275,464,364)"
104_18,oil-well,"(938,2,1010,89)"
100_90,oil-well,"(803,845,881,1022)"
100_90,oil-well,"(194,470,242,538)"
100_90,oil-well,"(269,475,314,576)"
100_90,oil-well,"(306,482,354,582)"
104_20,oil-well,"(300,353,376,436)"
104_20,oil-well,"(30,610,88,684)"
105_30,oil-well,"(189,229,241,305)"
105_30,oil-well,"(78,462,122,524)"
105_30,oil-well,"(333,675,371,736)"
103_37,oil-well,"(18,628,51,712)"
103_37,oil-well,"(86,641,121,718)"
103_37,oil-well,"(151,641,188,730)"
103_37,oil-well,"(186,634,217,733)"
103_37,oil-well,"(218,640,251,745)"
102_49,oil-well,"(188,229,251,329)"
102_49,oil-well,"(266,263,310,339)"
102_49,oil-well,"(298,281,342,350)"
102_49,oil-well,"(328,273,370,351)"
102_49,oil-well,"(358,261,413,357)"
102_27,oil-well,"(216,136,267,201)"
102_27,oil-well,"(183,198,239,251)"
102_27,oil-well,"(79,566,407,684)"
102_27,oil-well,"(382,681,500,794)"
102_27,oil-well,"(307,829,383,903)"
101_75,oil-well,"(567,67,631,145)"
101_75,oil-well,"(672,178,724,242)"
0_10,oil-well,"(678,576,741,648)"
100_50,oil-well,"(542,225,603,289)"
100_50,oil-well,"(845,173,901,236)"
100_50,oil-well,"(538,348,603,414)"
100_50,oil-well,"(310,122,367,188)"
102_93,oil-well,"(264,815,354,903)"
100_99,oil-well,"(45,223,117,294)"
101_38,oil-well,"(508,162,545,233)"
101_38,oil-well,"(538,158,578,236)"
101_38,oil-well,"(613,169,644,244)"
101_38,oil-well,"(641,163,679,248)"
101_38,oil-well,"(728,350,777,413)"
102_10,oil-well,"(48,261,94,353)"
102_10,oil-well,"(83,254,130,348)"
102_10,oil-well,"(300,251,354,319)"
102_10,oil-well,"(8,629,54,720)"
104_73,oil-well,"(205,470,255,535)"
104_73,oil-well,"(316,438,395,531)"
104_41,oil-well,"(114,191,204,273)"
104_41,oil-well,"(111,258,191,332)"
